"keys","en","ja"
"Back","Back","背中"
"Done","Done","もどる"
"Wardrobe","Wardrobe","キセカエ"
"Random","Random","おまかせ"
"Save","Save","保存"
"Your cat obake","Your cat obake","あなたの猫おばけ"
"Color","Color","色"
"%d Paw Coins","%d Paw Coins","肉球コイン %d"
"None","None","なし"
"Owned","Owned","もっている"
"Special","Special","特別"
"Locked","Locked","まだ"
"Trying it on","Trying it on","試着中"
"Tap Save to keep this look","Tap Save to keep this look","「保存」でこの姿に"
"Buy · %s","Buy · %s","買う・%s"
"Pick something to try","Pick something to try","服をえらんで試着"
"Drag to spin. Tap an item to try it on.","Drag to spin. Tap an item to try it on.","なぞると回る。服をタップで試着"
"Take off","Take off","ぬぐ"
"Buy · %d","Buy · %d","買う・%d"
"Trying it on. Buy to keep it.","Trying it on. Buy to keep it.","試着中。買うと自分のものに"
"Special look only. Changes nothing in play.","Special look only. Changes nothing in play.","見た目だけの特別な服。遊びは変わらない"
"Not yet","Not yet","まだ"
"Saved!","Saved!","保存した"
"Saved. Items you don't own were left off.","Saved. Items you don't own were left off.","保存した（持っていない服は外した）"
"Coming soon","Coming soon","準備中"
"This is a sample store. No payment happens. Special items only change looks.","This is a sample store. No payment happens. Special items only change looks.","これは見本のお店です。支払いはありません。特別な服は見た目だけです。"
"OK","OK","OK"
"New outfit!","New outfit!","新しい服！"
"Found inside a glowing orb","Found inside a glowing orb","光る玉の中に入っていた"
"Later","Later","あとで"
"Wear it","Wear it","着てみる"
"Do a %s shift once","Do a %s shift once","%sの仕事を1回する"
"Sleep well %s nights in a row","Sleep well %s nights in a row","%s晩つづけて、よく眠る"
"Meet %s rare obake","Meet %s rare obake","レアに%s体会う"
"Meet every common obake","Meet every common obake","ふつうのおばけを全部集める"
"Hidden in glowing orbs","Hidden in glowing orbs","光る玉の中に"
"Hidden in rainbow orbs","Hidden in rainbow orbs","虹の玉の中に"
"%s Paw Coins","%s Paw Coins","肉球コイン %s"
"Register vest","Register vest","レジのベスト"
"Cashier visor","Cashier visor","レジのサンバイザー"
"Dish apron","Dish apron","洗い場のエプロン"
"Rubber gloves","Rubber gloves","ゴム手ぶくろ"
"Bow tie","Bow tie","蝶ネクタイ"
"Silver tray","Silver tray","銀のお盆"
"Chef hat","Chef hat","コック帽"
"Chef scarf","Chef scarf","コックのスカーフ"
"Stock cap","Stock cap","品出しのキャップ"
"Work gloves","Work gloves","軍手"
"Nightcap","Nightcap","ナイトキャップ"
"Star pajamas","Star pajamas","星のパジャマ"
"Sleep mask","Sleep mask","アイマスク"
"Pillow pack","Pillow pack","まくらのリュック"
"Star glasses","Star glasses","星のめがね"
"Little crown","Little crown","小さな王冠"
"Angel wings","Angel wings","天使のはね"
"Halo","Halo","天使の輪"
"Party hat","Party hat","パーティー帽"
"Flower crown","Flower crown","花かんむり"
"Leaf sprout","Leaf sprout","ふたば"
"Bell collar","Bell collar","鈴の首輪"
"Balloon","Balloon","風船"
"Firefly jar","Firefly jar","ほたるのびん"
"Bat wings","Bat wings","こうもりのはね"
"Moon cape","Moon cape","月のマント"
"Rainbow scarf","Rainbow scarf","虹のマフラー"
"Knit beanie","Knit beanie","ニット帽"
"Beret","Beret","ベレー帽"
"Straw hat","Straw hat","麦わら帽子"
"Tiny top hat","Tiny top hat","小さなシルクハット"
"Big bow","Big bow","大きなリボン"
"Round glasses","Round glasses","丸めがね"
"Sunglasses","Sunglasses","サングラス"
"Fake mustache","Fake mustache","つけひげ"
"Striped scarf","Striped scarf","しましまマフラー"
"Necktie","Necktie","ネクタイ"
"Raincoat","Raincoat","レインコート"
"Cozy sweater","Cozy sweater","ぬくぬくセーター"
"Overalls","Overalls","オーバーオール"
"Umbrella","Umbrella","かさ"
"Fish snack","Fish snack","おさかな"
"Backpack","Backpack","リュック"
"Tote bag","Tote bag","トートバッグ"
"Snail shell","Snail shell","かたつむりの殻"
"Flower pin","Flower pin","花のピン"
"Red scarf","Red scarf","赤いマフラー"
"Festival yukata","Festival yukata","お祭りのゆかた"
"Space helmet","Space helmet","宇宙のヘルメット"
"Dragon wings","Dragon wings","ドラゴンのはね"
"Original","Original","もとの色"
"Cream","Cream","クリーム"
"Mint","Mint","ミント"
"Peach","Peach","ピーチ"
"Lilac","Lilac","ライラック"
"Midnight","Midnight","よぞら"
"Head","Head","頭"
"Face","Face","顔"
"Neck","Neck","首"
"Body","Body","体"
"Hand","Hand","手"
"Register","Register","レジ"
"Dishwashing","Dishwashing","皿洗い"
"Hall","Hall","ホール"
"Kitchen","Kitchen","キッチン"
"Stocking","Stocking","品出し"
