keys,en,ja
We worked hard today. Rest up!,We worked hard today. Rest up!,今日はよくがんばった。ゆっくり休もう
Ready when you are.,Ready when you are.,いつでも、いっしょに行けるよ
Let's do this together!,Let's do this together!,いっしょに、がんばろう！
Getting into the groove.,Getting into the groove.,だんだん調子が出てきた
Phew… still going.,Phew… still going.,ふう…まだまだ
*yawn* …almost there.,*yawn* …almost there.,ふあぁ…もうすこし
I'm pooped… let's stop here. Extra time earns nothing.,I'm pooped… let's stop here. Extra time earns nothing.,もうへとへと…ここまでにしよう。これ以上はコインにならないよ
I'm pooped… let's both head home.,I'm pooped… let's both head home.,もうへとへと…いっしょに帰ろう
See you at work at %s · %s,See you at work at %s · %s,%s から %s で、いっしょにね
"See you at work tomorrow, %s · %s","See you at work tomorrow, %s · %s",明日 %s から %s で、いっしょにね
Next shift in %d days · %s,Next shift in %d days · %s,次のシフトは %d 日後・%s
Register,Register,レジ
Dishes,Dishes,皿洗い
Floor,Floor,ホール
Kitchen,Kitchen,キッチン
Stocking,Stocking,品出し
Work,Work,仕事
Island,Island,島へ
At work together,At work together,いっしょに働いてる
%dh %02dm · %d Paw Coins,%dh %02dm · %d Paw Coins,%d時間%02d分・肉球コイン %d
No more coins today — time to rest.,No more coins today — time to rest.,今日はもうコインは出ない。休もう
Back home,Back home,帰る
Today's work,Today's work,今日の仕事
Work together,Work together,いっしょに働く
Earned today: %d Paw Coins,Earned today: %d Paw Coins,今日の肉球コイン：%d
Your cat-obake earns Paw Coins while you work.,Your cat-obake earns Paw Coins while you work.,あなたが働くあいだ、おばネコも肉球コインをかせぐ
I'm going to work,I'm going to work,仕事に行ってくる
Resting until tomorrow,Resting until tomorrow,明日まで、おやすみ
Good work today! Let's go home.,Good work today! Let's go home.,今日もおつかれさま！帰ろう
Shift's over!,Shift's over!,おつかれさま！
%dh %02dm together,%dh %02dm together,いっしょに %d時間%02d分
+%d Paw Coins,+%d Paw Coins,肉球コイン +%d
+%d %s nets,+%d %s nets,ポイ +%d（%s）
"Your cat-obake got tired,
so it stopped there.
Extra time earns nothing.","Your cat-obake got tired,
so it stopped there.
Extra time earns nothing.","おばネコが疲れたので、
そこでおしまい。
それ以上はコインにならない"
"A long day…
tomorrow it'll be a bit slower.","A long day…
tomorrow it'll be a bit slower.","長い一日…
明日は少しゆっくりめ"
Back to the island,Back to the island,島へもどる
Peek at work,Peek at work,仕事場をのぞく
Your cat-obake worked too: +%d Paw Coins,Your cat-obake worked too: +%d Paw Coins,おばネコもいっしょに働いた：肉球コイン +%d
